"prenom","gender"
"AALI","m"
"AALIYAH","f"
"AAMINA","f"
"AAMINAH","f"
"'AAMIR","m"
"AAMIR 1","m"
"AAMIR 2","m"
"'ABBAS","m"
"ABBAS","m"
"ABD AL-AZIZ","m"
"ABD AL-HAMID","m"
"ABD AL-KADER","m"
"ABD AL-KARIM","m"
"ABD ALLAH","m"
"ABD AL-LATIF","m"
"ABD AL-MAJID","m"
"ABD AL-MALIK","m"
"ABD AL-QADIR","m"
"ABD AL-RAHIM","m"
"ABD AL-RAHMAN","m"
"ABD AL-RASHID","m"
"ABD AL-SALAM","m"
"ABD AL-WALI","m"
"ABD AR-RAHIM","m"
"ABD AR-RAHMAN","m"
"ABD AR-RASHID","m"
"ABD AS-SALAM","m"
"ABDELAZIZ","m"
"ABDELHAMID","m"
"ABDELKADER","m"
"ABDELLATIF","m"
"ABDELMAJID","m"
"ABDERRAHIM","m"
"ABDERRAHMANE","m"
"ABDESLAM","m"
"ABDESSALAM","m"
"ABDUH","m"
"ABDUL","m"
"ABDUL AZIZ","m"
"ABDULAZIZ","m"
"ABDUL HAMID","m"
"ABDULLA","m"
"ABDULLAH","m"
"ABDUL RAHMAN","m"
"ABDUR RAHIM","m"
"ABDUR RAHMAN","m"
"ABDUR RASHID","m"
"ABDUS SALAM","m"
"'ABLA","f"
"ABU","m"
"ABU AL-FADL","m"
"ABU BAKR","m"
"ABUL-FAZL","m"
"ADAM","m"
"ADEL","m"
"ADIL","m"
"ADILA","f"
"ADNAN","m"
"AFAF","f"
"AFFAN","m"
"AFIF","m"
"AFRA 2","f"
"AFZAL","m"
"AHMAD","m"
"AHMED","m"
"AÏCHA","f"
"AIDA","f"
"AIMAN 2","m"
"'AISHA","f"
"A'ISHA","f"
"AISHA","f"
"AISHAH","f"
"AKBAR","m"
"AKILAH","f"
"AKRAM","m"
"ALA 1","m"
"ALA AD-DIN","m"
"ALA AL-DIN","m"
"AL-AMIR","m"
"AL-HASAN","m"
"'ALI","m"
"ALI 1","m"
"ALIA 1","f"
"ALIM","m"
"ALIYA 1","f"
"ALIYAH 1","f"
"ALIYYA","f"
"ALIYYAH","f"
"ALYA 1","f"
"AMAAL","f"
"AMEL 2","f"
"AMIN","m"
"AMINA","f"
"AMINAH 1","f"
"AMINAH 2","f"
"AMINE 1","m"
"AMIR 1","m"
"AMIRA 1","f"
"AMIRAH","f"
"AMJAD","m"
"'AMMAR","m"
"AMMAR","m"
"AMNA","f"
"ANAS","m"
"ANASS","m"
"ANIS","m"
"ANISA","f"
"ANSAR","m"
"ANWAR","m"
"ANWER","m"
"AQIL","m"
"AQILA","f"
"ARIF","m"
"ARIJ","f"
"ARWA","f"
"AS'AD","m"
"ASAD","m"
"ASHFAQ","m"
"ASHRAQAT","f"
"ASIF","m"
"ASIM 1","m"
"ASIYA","f"
"ASMA","f"
"ASMAA","f"
"ASRA","f"
"ASSIA","f"
"ATA 2","m"
"ATALLAH","m"
"ATAULLAH","m"
"ATIF","m"
"ATIFA","f"
"ATIYA","m & f"
"ATUF","m"
"AYA 2","f"
"AYAH","f"
"AYDA","f"
"AYESHA","f"
"AYISHAH","f"
"AYMAN","m"
"AYOUB","m"
"AYSHA","f"
"AYYUB","m"
"AZHAR","m"
"'AZIZ","m"
"AZIZ","m"
"AZIZA","f"
"AZRA","f"
"BADR","m & f"
"BAHA","m"
"BAHIGA","f"
"BAHIJ","m"
"BAHIJA","f"
"BAHIYYA","f"
"BAKI","m"
"BAKR","m"
"BALQIS","f"
"BAQI","m"
"BAQIR","m"
"BARACK","m"
"BARAK 2","m"
"BARAKAT","m"
"BASHAR","m"
"BASIL 2","m"
"BASIM","m"
"BASIMA","f"
"BASIR","m"
"BASIRA","f"
"BASIT","m"
"BASMA","f"
"BASSAM","m"
"BASSEM","m"
"BATUL","f"
"BILAL","m"
"BINYAMIN","m"
"BOTROS","m"
"BOULOS","m"
"BOUTROS","m"
"BRAHIM","m"
"BUDUR","f"
"BULUS","m"
"BURHAN","m"
"BURHAN AD-DIN","m"
"BURHAN AL-DIN","m"
"BURHANUDDIN","m"
"BUSHRA","f"
"BUTRUS","m"
"DALAL","f"
"DALIA 1","f"
"DANA 4","m & f"
"DANIA 2","f"
"DANIAL","m"
"DANIYAH","f"
"DANIYAL","m"
"DANYA 2","f"
"DAUD","m"
"DAWOOD","m"
"DAWUD","m"
"DEMA","f"
"DIMA 1","f"
"DINA 3","f"
"DIYA 2","m"
"DJAMILA","f"
"DUA","f"
"EBRAHIM","m"
"EESA","m"
"EMAN","f"
"ESMAIL","m"
"ESSA","m"
"FADI","m"
"FADIA","f"
"FADIL","m"
"FADILA","f"
"FADL","m"
"FAHD","m"
"FAHIM","m"
"FAHIMA","f"
"FAIRUZ","f"
"FAISAL","m"
"FAIZ","m"
"FAIZA","f"
"FAIZEL","m"
"FAJR","f"
"FAKHRI","m"
"FAKHRIYYA","f"
"FARAG","m"
"FARAJ","m"
"FAREED","m"
"FAREEHA","f"
"FARHAN","m"
"FARHANA","f"
"FARID","m"
"FARIDA","f"
"FARIHA","f"
"FARIS","m"
"FAROOQ","m"
"FAROUK","m"
"FARRAH","f"
"FARUK","m"
"FARUQ","m"
"FATEMA","f"
"FATEMAH","f"
"FATHI","m"
"FATHIYYA","f"
"FATIHA","f"
"FATIMA","f"
"FATIMA AZ-ZAHRA","f"
"FATIMAH","f"
"FATIMA ZAHRA","f"
"FATIN 1","f"
"FATIN 2","m"
"FATMA","f"
"FAWZI","m"
"FAWZIYA","f"
"FAWZIYYA","f"
"FAYIZ","m"
"FAYRUZ","f"
"FAYSAL","m"
"FAYZA","f"
"FAZL","m"
"FIDDA","f"
"FIHR","m"
"FIKRI","m"
"FIKRIYYA","f"
"FIRDAUS","m & f"
"FIZZA","f"
"FOUAD","m"
"FUAD","m"
"FURQAN","m"
"GABIR","m"
"GABR","m"
"GAFAR","m"
"GALAL","m"
"GALILA","f"
"GAMAL","m"
"GAMIL","m"
"GAMILA","f"
"GATHBIYYA","f"
"GAWAHIR","f"
"GAWDAT","m"
"GAZBIYYA","f"
"GHADA","f"
"GHADIR","f"
"GHALIB","m"
"GHALIYA","f"
"GHASSAN","m"
"GHAYTH","m"
"GHULAM","m"
"GUDA","m"
"HAAMID","m"
"HABIB","m"
"HABIBA","f"
"HABIBULLAH","m"
"BACHIR","m"
"BOUTHAYNA","f"
"THANINA","f"
"SOUHILA","f"
"CHABANE","m"
"GHIZLANE","f"
"SOUNDOUS","f"
"DRISS","m"
"ABDELJALIL","m"
"BOUZID","m"
"NASSER","m"
"AHLAM","f"
"KHOULOUD","f"
"MAROUAN","m"
"SAADIA","f"
"HASSINA","f"
"RAHMA","f"
"BOUBAKER","m"
"MAKHTAR","m"
"ANTAR","m"
"MASSILYA","f"
"LAMINE","m"
"HOUARI","m"
"HAMID","m"
"KATIA","f"
"RADIA","f"
"SOUMAYA","f"
"RANDA","f"
"ABDELLAH","m"
"AZZEDINE","m"
"OUAFAE","f"
"CHAHINAZ","f"
"SEDDIK","m"
"CHAWKI","m"
"RIHAM","f"
"KAWTHAR","f"
"SAADI","m"
"RAZIKA","f"
"YASSINE","m"
"SOUHEILA","f"
"BOUBEKEUR","m"
"OKACHA","m"
"NIHAL","f"
"LAMIS","f"
"MAHMOUD","m"
"MOKRANE","m"
"NARIMANE","f"
"FELLA","f"
"KAMAL","m"
"WARDIA","f"
"HOUSSNA","f"
"HAMOUDA","m"
"NAILA","f"
"BESMA","f"
"KELTOUM","f"
"SAIDA","f"
"DJOUHER","f"
"MOUSSAAB","m"
"MAHFOUD","m"
"KHEIREDDINE","m"
"TANIA","f"
"FAYÇAL","m"
"SIHEM","f"
"WAHIBA","f"
"MOUSSA","m"
"FAOUZI","m"
"RAJA","f"
"RAYAN","m"
"AREZKI","m"
"MEZIANE","m"
"SABRINE","f"
"OUASSILA","f"
"NOURREDINE","m"
"ZAYNAB","f"
"MENSOUR","f"
"MABROUK","m"
"OTHMANE","m"
"ELIAS","m"
"MAAMAR","m"
"IMAD","m"
"ZAIM","m"
"LILA","f"
"AISSA","m"
"DAHMANE","m"
"ICHRAK","f"
"MERZAK","m"
"WISSAL","f"
"SELMA","f"
"NAWEL","f"
"ZINEB","f"
"HOUSSAM","m"
"RAOUF","m"
"FOUZIA","f"
"HOCINE","m"
"SALIMA","f"
"RABAH","m"
"DJAMEL","m"
"WIDAD","f"
"SLIMANE","m"
"WALID","m"
"ABDENOUR","m"
"MAISSA","f"
"SAMIR","m"
"RAMZI","m"
"SOPHIA","f"
"IBRAHIM","m"
"SIHAM","f"
"AYMEN","m"
"RYAD","m"
"MOHAMED","m"
"HANANE","f"
"LEENA","f"
"ABDELMALEK","m"
"KHADIDJA","f"
"KHAOULA","f"
"RYM","f"
"TAYEB","m"
"JAMAL","m"
"RIDHA","m"
"LEILA","f"
"NESRIN","f"
"RAFIK","m"
"NADIA","f"
"OUARDA","f"
"RIM","f"
"BOUALEM","m"
"ZAKI","m"
"JALIL","m"
"HATEM","m"
"RYMA","f"
"TARIK","m"
"OUSSAMA","m"
"CHAÏMA","f"
"KARIMA","f"
"LYNDA","f"
"MUSTAPHA","m"
"RANIA","f"
"KAHINA","f"
"TINA","f"
"JAMILA","f"
"CHERINE","f"
"ISMAIL","m"
"ISHAQ","m"
"CHANEZ","f"
"LOUISA","f"
"HAMZA","m"
"SOUMIA","f"
"SID AHMED","m"
"MALIKA","f"
"NOUREDDINE","m"
"SOUAD","f"
"LYDIA","f"
"NORA","f"
"ZAKARIA","m"
"MANEL","f"
"RACHID","m"
"MAKHLOUF","m"
"SOUHAIB","m"
"DIHYA","f"
"AMEL","f"
"DALILA","f"
"FARES","m"
"LYES","m"
"TAHAR","m"
"TASNIM","f"
"WARDA","f"
"SOFIAN","m"
"SARRA","f"
"NESRINE","f"
"LARBI","m"
"SIRINE","f"
"MEHDI","m"
"SAMIRA","f"
"KHALED","m"
"WASSIM","m"
"JUGURTHA","m"
"CHERIF","m"
"AYA","f"
"MANAL","f"
"NADIR","m"
"HOUSSEM","m"
"NOURA","f"
"YASSER","m"
"WASSILA","f"
"INES","f"
"BENAMAR","m"
"MADJID","m"
"MALEK","m"
"DAHBIA","f"
"ABDESSAMAD","m"
"DALIA","f"
"KADER","m"
"SARA","f"
"HOUDA","f"
"SAMAR","f"
"HASSIBA","f"
"RABIA","f"
"GHANIA","f"
"BATOUL","f"
"IMANE","f"
"AMINE","m"
"NACERA","f"
"THIZIRI","f"
"MERIEM","f"
"TOUFIK","m"
"MIRYAM","f"
"YACINE","m"
"TASSADIT","f"
"SAMIA","f"
"SOFIANE","m"
"SABRINA","f"
"SMAIL","m"
"DOUNIA","f"
"TAREK","m"
"MELISSA","f"
"YANIS","m"
"AICHA","f"
"KADIR","m"
"YOUNES","m"
"TAKLIT","f"
"CELIA","f"
"DJAHIDA","f"
"NASSIM","m"
"MOUNIR","m"
"RIAD","m"
"AMIR","m"
"YASMINA","f"
"HAKIM","m"
"SOUDJOUD","f"
"LATIFA","f"
"IBTISSEM","f"
"HICHAM","m"
"SONIA","f"
"YOUCEF","m"
"SABAH","f"
"ISSAM","m"
"IDRISS","m"
"HAGAR","f"
"IKRAM","f"
"SORAYA","f"
"YAZID","m"
"LOTFI","m"
"WAFA","f"
"SAÏD","m"
"BAHIA","f"
"ABDALLAH","m"
"ABIR","f"
"BELKACEM","m"
"NAWAL","f"
"FERROUDJA","f"
"HALIMA","f"
"ALI","m"
"ABDELGHANI","m"
"ILHAM","f"
"YAMINA","f"
"SAFIA","f"
"LINA","f"
"MAHDI","m"
"MALIK","m"
"HASSAN","m"
"NOUR","f"
"HANI","m"
"HAYAT","f"
"SALAH","m"
"RITADJ","f"
"FETHI","m"
"INESS","f"
"LYNA","f"
"MASSINISSA","m"
"SABRI","m"
"SANA","f"
"BAYA","f"
"ANISSA","f"
"YAHIA","m"
"KHIRA","f"
"SAMY","m"
"NADIRA","f"
"MOKHTAR","m"
"ILYES","m"
"OMAR","m"
"REDOUANE","m"
"HAJAR","f"
"MARIA","f"
"MARWA","f"
"AMAR","m"
"KAMEL","m"
"SAKINA","f"
"NABIL","m"
"LOUNÈS","m"
"MANSOUR","m"
"NAÏMA","f"
"REDA","m"
"HADIL","f"
"AMIRA","f"
"HIBA","f"
"DJAAFAR","m"
"ZAKARIYA","m"
"IYAD","m"
"MOURAD","m"
"ZINA","f"
"NASREDDINE","m"
"KHALIL","m"
"ASSIL","f"
"NADJIA","f"
"ZINEDINE","m"
"TYNA","f"
"MAJID","m"
"ZAHRA","f"
"HOURIA","f"
"RAFIKA","f"
"HAFIDA","f"
"HICHEM","m"
"KARIM","m"
"ZOHRA","f"
"SAMI","m"
"LAMIA","f"
"BADIS","m"
"MALAK","f"
"RACHIDA","f"
"tariq","m"
"tareq","m"
"tarek","m"
"tarik","m"
"hamza","m"
"hamzah","m"
"aicha","f"
"aïcha","f"
"aisha","f"
"aischa","f"
"youssef","m"
"youcef","m"
"yusuf","m"
"sarah","f"
"sara","f"
"feriel","f"
"cherin","f"
"nermine","f"
"nermin","f"
"lina","f"
"lyna","f"
"mustapha","m"
"mustafa","m"
"moustafa","m"
"fatah","m"
"djelloul","m"
"jelloul","m"
